<?xml version="1.0"?>
<!DOCTYPE service-builder PUBLIC "-//Liferay//DTD Service Builder 7.3.0//EN" "http://www.liferay.com/dtd/liferay-service-builder_7_3_0.dtd">

<service-builder dependency-injector="ds" package-path="com.zpharma">
    <namespace>ZUELLIG</namespace>
    <entity name="SiteConfig" local-service="true">

    	<!-- PK fields -->

    	<column name="siteConfigId" primary="true" type="long"></column>

    	<!-- Group instance -->

    	<column name="groupId" type="long"></column>

    	<!-- Audit fields -->

    	<column name="companyId" type="long"></column>
    	<column name="userId" type="long"></column>
    	<column name="userName" type="String"></column>
    	<column name="createDate" type="Date"></column>
    	<column name="modifiedDate" type="Date"></column>
        <column name="showCustomUserRegistration" type="Boolean"></column>
        <column name="siteEmailAddress" type="String"></column>
        <column name="sitePhoneNumber" type="long"></column>
        <column name="openinghours" type="String"></column>
        <column name="copyright" type="String"></column>
        
        <finder name="GroupId" return-type="SiteConfig">
            <finder-column name="groupId"></finder-column>
        </finder>
    </entity>
</service-builder>