<?xml version="1.0"?>

<model-hints>
	<model name="com.zpharma.model.SiteConfig">
		<field name="siteConfigId" type="long" />
		<field name="groupId" type="long" />
		<field name="companyId" type="long" />
		<field name="userId" type="long" />
		<field name="userName" type="String" />
		<field name="createDate" type="Date" />
		<field name="modifiedDate" type="Date" />
		<field name="showCustomUserRegistration" type="Boolean" />
		<field name="siteEmailAddress" type="String" />
		<field name="sitePhoneNumber" type="long" />
		<field name="openinghours" type="String" />
		<field name="copyright" type="String" />
	</model>
</model-hints>